<?xml version="1.0" encoding="UTF-8"?>
<project-private xmlns="http://www.netbeans.org/ns/project-private/1">
    <editor-bookmarks xmlns="http://www.netbeans.org/ns/editor-bookmarks/2" lastBookmarkId="0"/>
    <open-files xmlns="http://www.netbeans.org/ns/projectui-open-files/2">
        <group>
            <file>file:/D:/Bank_Management_System/src/Authentication.java</file>
            <file>file:/D:/Bank_Management_System/src/Loading.java</file>
            <file>file:/D:/Bank_Management_System/src/Conec.java</file>
            <file>file:/D:/Bank_Management_System/src/MyPage.java</file>
            <file>file:/D:/Bank_Management_System/src/Account.java</file>
        </group>
    </open-files>
</project-private>
